LotArea,YearBuilt,OverallQual,TotalBsmtSF,GrLivArea,GarageArea,Neighborhood_CollgCr,Neighborhood_NoRidge,Exterior1st_VinylSd,KitchenQual_Gd,title,actual_revenue,predicted_revenue
-0.32063585294347147,-2.2862216646578863,-0.7819075222236163,-1.620729970630007,0.673525399385242,1.0137834259432266,-0.34496376621320685,-0.15116851378922513,-0.735746093465393,1.1665159637445541,665,,114136.74817724526
-0.011503119312483611,-0.3625052092733874,-0.7819075222236163,0.057084915216474255,-0.870998843475261,-0.7279630237843303,-0.34496376621320685,-0.15116851378922513,-0.735746093465393,1.1665159637445541,624,,135580.0975247133
-0.21256294522477107,1.1373415186535099,-0.004170173451858946,-0.7297691077274021,-0.050915483959078266,-0.35058462634335963,2.898855178262242,-0.15116851378922513,1.3591645390734741,1.1665159637445541,115,,174441.57064080038
-0.12035633683420716,-0.16687302736987905,-0.7819075222236163,0.4468802927363638,-0.5433724889290937,-0.00707352098042479,-0.34496376621320685,-0.15116851378922513,-0.735746093465393,-0.8572535919611143,478,,131797.92522818493
0.08668586423459079,0.3222074273888918,-0.004170173451858946,-0.976720216466711,-0.5372676500245068,-0.8440794537661674,-0.34496376621320685,-0.15116851378922513,-0.735746093465393,-0.8572535919611143,233,,157938.29324867745
-0.08654291203653915,0.9417093367500016,1.5513045240916556,0.5388816861882632,1.7988507041307733,1.9040093891373113,-0.34496376621320685,6.615134163416491,1.3591645390734741,1.1665159637445541,724,,291148.233025258
-0.2139935131969801,1.104736155002925,0.7735671753198984,0.9843621176395655,-0.09161440998965806,0.10420472441883578,2.898855178262242,-0.15116851378922513,1.3591645390734741,1.1665159637445541,208,,180953.58092715376
-0.4975060749620426,-0.6885588457792347,-0.7819075222236163,-0.06881172845454597,1.06016519667575,1.9765821578759595,-0.34496376621320685,-0.15116851378922513,-0.735746093465393,-0.8572535919611143,867,,148117.0353316241
0.10203195702737858,-0.6559534821286499,-0.7819075222236163,0.3258258276680751,-0.6451198040055433,-1.0763123137298416,-0.34496376621320685,-0.15116851378922513,-0.735746093465393,-0.8572535919611143,939,,142404.30233198058
0.7161357720065644,-0.3625052092733874,0.7735671753198984,1.1417329222283408,0.6511409900684231,0.10420472441883578,-0.34496376621320685,-0.15116851378922513,-0.735746093465393,-0.8572535919611143,479,,257281.8359135703
0.5781509885053115,0.7460771548464932,1.5513045240916556,0.7470953661057197,2.1142673808677666,1.6137183141827185,-0.34496376621320685,6.615134163416491,-0.735746093465393,1.1665159637445541,984,,294088.8985182718
-0.2513183321082521,-0.3625052092733874,-0.7819075222236163,0.27740404164075966,-0.685818730036123,1.6137183141827185,-0.34496376621320685,-0.15116851378922513,-0.735746093465393,-0.8572535919611143,900,,135242.4353894767
-0.5326200160980824,-0.5581373911768958,-1.5596448709953736,-0.22618253304332125,-1.1090875607541528,0.5493177060158781,-0.34496376621320685,-0.15116851378922513,-0.735746093465393,-0.8572535919611143,778,,121870.42221413556
-0.14727702503850437,0.1917859727865529,1.5513045240916556,0.2725618630380281,2.5110819096659194,1.7830547745728975,-0.34496376621320685,-0.15116851378922513,1.3591645390734741,1.1665159637445541,706,,300016.09156570694
-0.2562602941940651,1.1699468823040946,0.7735671753198984,0.15150739796973942,0.14036946838464676,-0.11835176637968536,-0.34496376621320685,-0.15116851378922513,-0.735746093465393,1.1665159637445541,380,,188564.1884501623
-0.8991055202512688,1.104736155002925,1.5513045240916556,0.5485660433937263,-0.4314504423449993,-0.15705724304029775,-0.34496376621320685,-0.15116851378922513,1.3591645390734741,1.1665159637445541,367,,220044.80337005542
1.531559516165712,0.8438932457982474,0.7735671753198984,-0.7273480184260364,-0.07126494697436817,-0.27317367302213486,-0.34496376621320685,-0.15116851378922513,-0.735746093465393,-0.8572535919611143,532,,177220.2349832661
0.9633639279310524,-0.7211642094298194,-0.004170173451858946,-0.2842886762760998,-0.04684559135602029,-0.6408757012979525,-0.34496376621320685,-0.15116851378922513,1.3591645390734741,-0.8572535919611143,626,,166675.12561455008
-0.6324996708850402,-1.471087573393268,-0.7819075222236163,-0.8459813941929593,-1.459098324617139,0.20096841607036672,-0.34496376621320685,-0.15116851378922513,-0.735746093465393,-0.8572535919611143,254,,93989.4866642639
-0.7276974668538594,0.9091039730994168,-0.004170173451858946,0.5025653466677766,-0.293074093841028,-0.2780118576047114,-0.34496376621320685,-0.15116851378922513,1.3591645390734741,-0.8572535919611143,78,,171183.16964000196
-0.20749093150512085,-1.6341143916461918,-1.5596448709953736,-0.9210351625352983,-0.3337730198716078,-1.0279304679040762,-0.34496376621320685,-0.15116851378922513,-0.735746093465393,-0.8572535919611143,29,,104828.35583594126
-0.8991055202512688,1.1373415186535099,0.7735671753198984,0.8318334916535218,0.1505441998922917,-0.15705724304029775,-0.34496376621320685,-0.15116851378922513,1.3591645390734741,1.1665159637445541,220,,204427.8241645261
19.365279960991167,-0.3951105729239721,-0.004170173451858946,1.0037308320504916,1.3491275714928666,-0.35542281092593614,-0.34496376621320685,-0.15116851378922513,-0.735746093465393,1.1665159637445541,239,,252020.84235946584
-0.022817611456318675,-0.036451572767540165,-0.7819075222236163,-0.14144440749551918,-1.0378644402006383,-0.7860212387752489,2.898855178262242,-0.15116851378922513,-0.735746093465393,-0.8572535919611143,680,153999.99999999988,114689.08830104816
0.49075629056672343,0.8764986094488322,-0.004170173451858946,-0.5699772138372611,-0.022426235737672415,-0.3602609955085127,-0.34496376621320685,-0.15116851378922513,1.3591645390734741,-0.8572535919611143,49,,155388.54285261632
-0.21113237725256204,-0.2320837546710485,-0.7819075222236163,-0.5167132492072141,-1.3532811169376315,0.25902663106128526,-0.34496376621320685,-0.15116851378922513,-0.735746093465393,-0.8572535919611143,51,,118243.66924978215
-0.31699440719603034,1.1373415186535099,2.3290418728634132,1.74942633687115,0.5514286212935027,0.5493177060158781,-0.34496376621320685,-0.15116851378922513,-0.735746093465393,-0.8572535919611143,44,,323072.5970675505
-0.20176865961628473,-0.6559534821286499,-2.337382219767131,-2.492322119121685,-0.8974531453951379,-0.30220278051759414,-0.34496376621320685,-0.15116851378922513,-0.735746093465393,-0.8572535919611143,1041,,93507.29800821659
-0.06443413428421776,-0.6559534821286499,-0.004170173451858946,0.006242039887793011,-0.4660445294709921,-0.8440794537661674,-0.34496376621320685,-0.15116851378922513,1.3591645390734741,-0.8572535919611143,1087,,140975.16715364537
-0.1944857681214024,-1.0798232095862514,-0.004170173451858946,-0.603872464056382,-0.21371118808139744,-1.2795160661980567,-0.34496376621320685,-0.15116851378922513,-0.735746093465393,-0.8572535919611143,428,40000.0,122814.12076657671
-0.6113012545695792,0.7460771548464932,1.5513045240916556,0.7446742768043539,-0.293074093841028,-0.002235336397848243,-0.34496376621320685,-0.15116851378922513,-0.735746093465393,1.1665159637445541,705,149349.99999999994,211294.94108626456
0.1366256916280697,1.1699468823040946,1.5513045240916556,1.6453194969124216,0.480205500739988,2.1555949874312916,-0.34496376621320685,-0.15116851378922513,1.3591645390734741,1.1665159637445541,526,179900.00000000006,274559.1906722927
0.6195074080655363,1.1699468823040946,0.7735671753198984,1.5508970141591565,0.3845630245681255,1.1008707484296045,-0.34496376621320685,-0.15116851378922513,1.3591645390734741,1.1665159637445541,857,165499.99999999988,241606.49857814668
0.26550686076071967,0.9091039730994168,0.7735671753198984,1.5000541388304753,0.3662485078543646,0.6557577668325622,2.898855178262242,-0.15116851378922513,1.3591645390734741,1.1665159637445541,772,,219832.31580422306
-0.30398924381231185,-1.2754553914897597,0.7735671753198984,0.025610754298719198,0.685735077194416,-1.0763123137298416,-0.34496376621320685,-0.15116851378922513,-0.735746093465393,-0.8572535919611143,101,,182104.89266463503
-0.5014076239771581,-1.3080607551403445,-0.7819075222236163,0.1176121477506186,0.1871732333198135,-0.49573016382065604,-0.34496376621320685,-0.15116851378922513,-0.735746093465393,-0.8572535919611143,422,,123230.11408533498
-0.2204960948888393,-0.42771593657455687,-0.7819075222236163,0.6889892228729412,-0.3398778587761948,-0.8150503462707082,-0.34496376621320685,-0.15116851378922513,-0.735746093465393,-0.8572535919611143,244,,150910.3016370799
-0.1691256995231514,0.9743147004005863,0.7735671753198984,-0.18744510422146887,1.5770415572641134,0.4428776451991941,-0.34496376621320685,-0.15116851378922513,1.3591645390734741,1.1665159637445541,707,,213327.84779152423
-0.2833110340321995,0.9417093367500016,-0.004170173451858946,-0.1850240149201031,0.3377592596329587,-0.011911705563001336,-0.34496376621320685,-0.15116851378922513,1.3591645390734741,-0.8572535919611143,1394,,187381.7276596073
0.1576940563096936,1.235157609605264,2.3290418728634132,0.1805604695861287,1.4305254235540261,1.8072456974857802,-0.34496376621320685,-0.15116851378922513,1.3591645390734741,-0.8572535919611143,1009,,314771.39191571344
0.4624050343902172,0.09396988183479874,0.7735671753198984,2.889759397814429,1.5098883293136567,0.25902663106128526,-0.34496376621320685,-0.15116851378922513,-0.735746093465393,-0.8572535919611143,67,,257846.9421526289
0.2710990810157186,-0.9494017549839124,-1.5596448709953736,-0.8653501086038855,-1.1335069163725007,-0.8827849304267797,-0.34496376621320685,-0.15116851378922513,-0.735746093465393,-0.8572535919611143,1094,,119696.31093569827
0.5859540865355426,1.1699468823040946,2.3290418728634132,1.9576400167886066,0.7264340032249957,1.4637345921228455,-0.34496376621320685,-0.15116851378922513,1.3591645390734741,-0.8572535919611143,514,,324234.4321387447
-0.15742105247780477,0.420023518340646,-0.7819075222236163,-0.4005009627416569,-1.1782757350061386,0.10420472441883578,-0.34496376621320685,-0.15116851378922513,-0.735746093465393,-0.8572535919611143,862,140999.99999999994,137950.72357239903
0.9135541521714107,-0.3625052092733874,-1.5596448709953736,-2.492322119121685,0.21769742784274834,1.0524889026038389,-0.34496376621320685,-0.15116851378922513,-0.735746093465393,-0.8572535919611143,354,319899.99999999994,126268.62551616118
0.267847790169789,-0.0038462091169554386,-0.004170173451858946,1.5194228532414016,0.3581087226482486,0.10420472441883578,-0.34496376621320685,-0.15116851378922513,-0.735746093465393,-0.8572535919611143,958,,186089.42136634924
-0.8322589804589559,0.5178396092924001,1.5513045240916556,0.1079277905451555,-0.7997757229217464,-0.00707352098042479,-0.34496376621320685,-0.15116851378922513,-0.735746093465393,1.1665159637445541,1048,,189199.07851762458
-0.41596370054612786,-0.2646891183216332,-0.7819075222236163,0.025610754298719198,-0.8974531453951379,-0.9795486220783107,-0.34496376621320685,-0.15116851378922513,-0.735746093465393,-0.8572535919611143,811,,128716.28671373277
0.044809238139017334,-1.9601680281520388,-0.7819075222236163,-1.4270428265207449,-0.5108133481046299,-0.10867539721453227,-0.34496376621320685,-0.15116851378922513,-0.735746093465393,-0.8572535919611143,76,,128718.85935142948
-0.31452342615312384,-0.5581373911768958,-0.7819075222236163,-0.6208200891659423,-1.4407838079033781,-1.0763123137298416,-0.34496376621320685,-0.15116851378922513,1.3591645390734741,-0.8572535919611143,756,177000.00000000006,115690.54812035724
-0.2595115850399947,-0.7211642094298194,-0.7819075222236163,1.2821561017075556,0.15868398509840764,1.691129267503943,-0.34496376621320685,-0.15116851378922513,1.3591645390734741,-0.8572535919611143,792,,143086.24228632386
0.013596846018093023,-0.525532027526311,-0.7819075222236163,0.1369808621615448,-0.8038456155248044,0.13323383191429508,-0.34496376621320685,-0.15116851378922513,-0.735746093465393,-0.8572535919611143,70,109999.99999999991,143505.01887703274
-0.2985270751911501,-0.7211642094298194,-0.7819075222236163,-0.3230261050979522,1.072374874484924,-1.124694159555607,-0.34496376621320685,-0.15116851378922513,-0.735746093465393,-0.8572535919611143,579,,157437.06043323822
-0.16197285966210623,-1.7645358462485305,0.7735671753198984,-0.5191343385085798,0.4252619505987053,-1.1488850824684897,-0.34496376621320685,-0.15116851378922513,-0.735746093465393,-0.8572535919611143,1144,,191799.17570280805
0.0493610453233188,1.235157609605264,1.5513045240916556,1.609003157391935,0.4334017358048212,1.5169546225311874,2.898855178262242,-0.15116851378922513,1.3591645390734741,1.1665159637445541,1116,,297222.3703570206
-0.8991055202512688,1.104736155002925,0.7735671753198984,-1.039668538302221,-0.5718617371504996,0.0848519860885296,-0.34496376621320685,-0.15116851378922513,-0.735746093465393,1.1665159637445541,575,,145051.6519588481
-0.12373767931397395,-0.9820071186344972,-0.7819075222236163,-0.3545002660157072,0.04879688481584222,-1.0763123137298416,-0.34496376621320685,-0.15116851378922513,-0.735746093465393,-0.8572535919611143,344,124899.99999999993,134383.24371613516
-0.40646993127601333,-0.29729448197221797,-1.5596448709953736,0.025610754298719198,-0.7346574412728187,0.3944957993734286,-0.34496376621320685,-0.15116851378922513,1.3591645390734741,-0.8572535919611143,823,,124920.2064916725
-0.03595282647387432,-0.10166230006870962,-0.7819075222236163,-0.35692135531707303,-1.1823456276091964,-0.8827849304267797,-0.34496376621320685,-0.15116851378922513,-0.735746093465393,-0.8572535919611143,277,101000.00000000003,119023.53188743486
0.06483718974994378,-1.4384822097426833,-0.7819075222236163,-0.6329255356727712,-1.4082246670789142,-1.2698396970329036,-0.34496376621320685,-0.15116851378922513,-0.735746093465393,-0.8572535919611143,490,,93616.37951720298
-1.069863315479492,-0.0038462091169554386,-0.004170173451858946,-1.3229359865620167,-1.0053052993761744,-0.8827849304267797,-0.34496376621320685,-0.15116851378922513,-0.735746093465393,-0.8572535919611143,218,,87607.52227712054
0.46526617033463524,-0.2646891183216332,-0.7819075222236163,0.26771968443529653,0.43747162840787923,-0.548950194228998,-0.34496376621320685,-0.15116851378922513,-0.735746093465393,-0.8572535919611143,198,,139045.556452708
0.20477274775875445,1.1699468823040946,2.3290418728634132,2.1198529999801132,0.862775405427438,1.575012837522106,-0.34496376621320685,-0.15116851378922513,1.3591645390734741,-0.8572535919611143,886,,320746.75391210505
-1.1135606644487863,-0.0038462091169554386,-1.5596448709953736,-1.1704073605759728,-0.2788294697303251,-2.2374766135482127,-0.34496376621320685,-0.15116851378922513,-0.735746093465393,-0.8572535919611143,990,180000.00000000003,103545.10206255746
0.2792923339474612,0.028759154533629285,-0.7819075222236163,1.1005744041051226,0.006063012483733439,0.11871927816656543,-0.34496376621320685,-0.15116851378922513,-0.735746093465393,-0.8572535919611143,464,,183790.8966908123
0.23767581111956215,1.2025522459546794,2.3290418728634132,1.865638623336707,0.6491060437668942,1.158928963420523,2.898855178262242,-0.15116851378922513,1.3591645390734741,-0.8572535919611143,917,80000.0,327690.4312410532
0.30764359012396747,0.7786825184970779,1.5513045240916556,1.439526906296331,0.29095549469779197,1.425029115462233,-0.34496376621320685,6.615134163416491,-0.735746093465393,1.1665159637445541,1134,,284812.7722910893
3.772609270448078,-0.525532027526311,0.7735671753198984,0.8608865632699111,-0.2401654900012743,-0.11351358179710883,-0.34496376621320685,-0.15116851378922513,-0.735746093465393,-0.8572535919611143,261,244000.00000000003,84305.75499763148
-1.09444307427472,0.06136451818421401,-0.004170173451858946,-1.3229359865620167,-1.0053052993761744,-0.9601958837480046,-0.34496376621320685,-0.15116851378922513,-0.735746093465393,1.1665159637445541,346,,96393.13144210978
-0.8991055202512688,1.2025522459546794,0.7735671753198984,0.572776936407384,-0.43755528124958626,-0.3602609955085127,-0.34496376621320685,-0.15116851378922513,1.3591645390734741,1.1665159637445541,936,,162030.80816721008
3.2561742324806175,-0.2320837546710485,-0.7819075222236163,1.3136302626253107,0.18513828701828453,2.5765170461154514,-0.34496376621320685,-0.15116851378922513,-0.735746093465393,-0.8572535919611143,1131,144900.00000000012,152024.41844719945
-0.3765580554934609,-0.4929266638757263,-0.7819075222236163,-2.492322119121685,-1.3308967076208127,-0.3409082571782065,-0.34496376621320685,-0.15116851378922513,1.3591645390734741,-0.8572535919611143,506,,113715.39246331443
-0.12191695644025337,1.2025522459546794,1.5513045240916556,1.129627475721512,0.030482368102081315,0.05582287859307032,-0.34496376621320685,-0.15116851378922513,-0.735746093465393,1.1665159637445541,752,,259396.41009810558
0.22662142224340145,1.006920064051171,1.5513045240916556,1.7518474261725157,0.6246866881485462,0.28805573855674454,2.898855178262242,-0.15116851378922513,1.3591645390734741,-0.8572535919611143,882,,263842.33841253346
-0.36823475092788105,-1.471087573393268,0.7735671753198984,-0.18744510422146887,0.13629957578158877,1.0137834259432266,-0.34496376621320685,-0.15116851378922513,-0.735746093465393,-0.8572535919611143,265,,139718.9295978237
-0.16665471848024488,1.1699468823040946,0.7735671753198984,1.3911051202690154,0.2502565686672122,0.955725210952308,2.898855178262242,-0.15116851378922513,1.3591645390734741,1.1665159637445541,247,,214167.46126442048
-0.162493066197455,1.1373415186535099,-0.004170173451858946,-0.6765051430973551,0.03862215330819727,0.4912594910249595,2.898855178262242,-0.15116851378922513,1.3591645390734741,1.1665159637445541,945,109999.99999999991,179108.4520101968
-0.27966958828475835,-0.3625052092733874,-0.7819075222236163,0.2919305774489543,-0.6736090522269491,-0.7860212387752489,-0.34496376621320685,-0.15116851378922513,-0.735746093465393,-0.8572535919611143,43,,134998.6166460506
-0.2204960948888393,1.006920064051171,1.5513045240916556,-0.5312397850154087,0.37438829306048055,0.31708484605220383,-0.34496376621320685,-0.15116851378922513,1.3591645390734741,1.1665159637445541,967,153500.0,216506.52970063052
-0.8349900647695367,1.1373415186535099,-0.004170173451858946,-1.1679862712746072,-0.8323348637462102,0.3025702923044742,-0.34496376621320685,-0.15116851378922513,1.3591645390734741,-0.8572535919611143,1240,,147923.23774209394
-0.25678050072941383,0.9743147004005863,-0.004170173451858946,-0.1850240149201031,0.37235334675895154,-0.011911705563001336,-0.34496376621320685,-0.15116851378922513,1.3591645390734741,-0.8572535919611143,353,,183783.56111478392
0.7500792484380696,-1.6341143916461918,0.7735671753198984,-0.4973445347962879,3.2579072023270585,1.0137834259432266,-0.34496376621320685,-0.15116851378922513,-0.735746093465393,-0.8572535919611143,983,168500.0,162854.2317351605
0.30803374502547903,0.8438932457982474,-0.7819075222236163,0.025610754298719198,-0.8974531453951379,0.5493177060158781,2.898855178262242,-0.15116851378922513,1.3591645390734741,1.1665159637445541,578,,152363.21662714874
-0.010852861143297688,0.06136451818421401,-1.5596448709953736,0.26287750583256503,-0.6105257168795504,0.6073759210067967,-0.34496376621320685,-0.15116851378922513,-0.735746093465393,-0.8572535919611143,630,,151093.43793706395
-0.2562602941940651,1.2025522459546794,0.7735671753198984,-0.5239765171113114,0.37438829306048055,0.48158312185980645,-0.34496376621320685,-0.15116851378922513,-0.735746093465393,1.1665159637445541,619,,188828.48657782408
-0.32973946731207443,-0.3625052092733874,-0.7819075222236163,0.025610754298719198,-0.8974531453951379,-0.8537558229313205,-0.34496376621320685,-0.15116851378922513,-0.735746093465393,-0.8572535919611143,1070,,130365.73766858329
-0.3765580554934609,-0.6559534821286499,-0.7819075222236163,0.43235375692816913,0.860740459125909,-1.0763123137298416,-0.34496376621320685,-0.15116851378922513,1.3591645390734741,-0.8572535919611143,1338,123600.00000000003,145778.56776429457
-0.2833110340321995,0.1917859727865529,-0.004170173451858946,0.27498295233939385,-0.7489020653835217,0.20096841607036672,-0.34496376621320685,-0.15116851378922513,-0.735746093465393,-0.8572535919611143,259,,144186.8519285682
-0.3919041482862487,-1.7645358462485305,-0.7819075222236163,-0.8314548583847646,0.9095791703626048,-2.2374766135482127,-0.34496376621320685,-0.15116851378922513,1.3591645390734741,-0.8572535919611143,982,,125777.3441163145
0.5838732603941477,-0.32989984562280267,-0.004170173451858946,0.27740404164075966,-0.10585903410036099,0.5299649676855719,-0.34496376621320685,-0.15116851378922513,-0.735746093465393,1.1665159637445541,554,,144009.4387455063
-0.7136518903994434,-0.8189803003815735,-1.5596448709953736,-0.6837684110014525,-1.4936924117431318,-1.1730760053813727,-0.34496376621320685,-0.15116851378922513,-0.735746093465393,-0.8572535919611143,65,,61459.956580842314
-0.07041650944072825,0.7460771548464932,1.5513045240916556,-0.6111357319604792,0.874985083236612,0.04130832484534068,-0.34496376621320685,-0.15116851378922513,1.3591645390734741,1.1665159637445541,482,,193808.70641508524
-0.7001265204803763,-0.7863749367309888,-1.5596448709953736,-0.6837684110014525,-0.5108133481046299,-0.7618303158623662,-0.34496376621320685,-0.15116851378922513,-0.735746093465393,-0.8572535919611143,947,,112887.4091026078
0.14546920272899824,0.9091039730994168,0.7735671753198984,-0.24070906885151588,0.8241114256983872,-0.15221905845772118,-0.34496376621320685,-0.15116851378922513,1.3591645390734741,1.1665159637445541,427,,219812.08028338457
0.3846341573555808,-1.5362983006944375,-0.004170173451858946,-0.47555473108399593,0.7467834662402857,-0.44734831799489055,-0.34496376621320685,-0.15116851378922513,-0.735746093465393,1.1665159637445541,1354,,235760.661694676
0.19566913339015152,-0.32989984562280267,-0.7819075222236163,0.18298155888749448,1.613670590691635,0.0848519860885296,-0.34496376621320685,-0.15116851378922513,-0.735746093465393,-0.8572535919611143,864,,168103.8632770367
0.3647362573784915,-0.036451572767540165,-1.5596448709953736,0.40814286391451143,-0.4538348516618182,-0.30220278051759414,-0.34496376621320685,-0.15116851378922513,-0.735746093465393,-0.8572535919611143,1113,,160343.31693276105
-0.30333898564312595,-0.2646891183216332,-0.7819075222236163,-0.2382879795501501,-0.40296119412359344,0.21064478523551983,-0.34496376621320685,-0.15116851378922513,-0.735746093465393,-0.8572535919611143,1155,,145054.1798003904
0.05937502112878201,-0.3625052092733874,-0.7819075222236163,0.8923607241876661,0.4456114136139952,-0.07480810513649645,-0.34496376621320685,-0.15116851378922513,-0.735746093465393,1.1665159637445541,32,,171334.53884199163
0.25367216208153587,0.1917859727865529,-0.004170173451858946,-0.4392383915635093,1.1171436931185617,0.42836309145146445,-0.34496376621320685,-0.15116851378922513,-0.735746093465393,1.1665159637445541,941,,210047.32397334356
-0.5737163323906328,-1.3080607551403445,-0.004170173451858946,-0.5239765171113114,-1.3593859558422186,-0.9311667762525453,-0.34496376621320685,-0.15116851378922513,-0.735746093465393,1.1665159637445541,430,,117136.60005670614
0.3017912666012942,0.5178396092924001,-0.004170173451858946,1.395947298871747,0.3458990448390747,0.74284508931894,-0.34496376621320685,-0.15116851378922513,1.3591645390734741,-0.8572535919611143,168,169499.99999999985,183007.6198800284
-0.49360452594692705,-1.8297465735497,-0.004170173451858946,-0.6958738575082813,0.006063012483733439,-2.2374766135482127,-0.34496376621320685,-0.15116851378922513,-0.735746093465393,-0.8572535919611143,743,,108842.87032559134
0.08668586423459079,0.9417093367500016,0.7735671753198984,-0.12449678238595877,1.0215012169466993,0.13323383191429508,-0.34496376621320685,-0.15116851378922513,1.3591645390734741,1.1665159637445541,1243,,243696.54359957727
-0.04492638920864006,-0.3951105729239721,-0.004170173451858946,0.9988886534477601,-0.07940473218048412,-0.7811830541926723,-0.34496376621320685,-0.15116851378922513,-0.735746093465393,-0.8572535919611143,770,,132998.97070613992
-0.1749780230458247,0.8438932457982474,0.7735671753198984,-0.3617635339198046,0.478170554438459,0.2396738927309791,2.898855178262242,-0.15116851378922513,1.3591645390734741,1.1665159637445541,621,,194189.48576038322
0.750339351705744,-0.0038462091169554386,1.5513045240916556,2.875232862006235,1.4976786515044829,0.7670360122318227,-0.34496376621320685,-0.15116851378922513,-0.735746093465393,1.1665159637445541,843,,285063.4196136403
-0.5763173650673765,0.9743147004005863,1.5513045240916556,1.1417329222283408,0.3621786152513066,0.17677749315748398,-0.34496376621320685,-0.15116851378922513,-0.735746093465393,-0.8572535919611143,1231,136900.0000000001,252356.18243772723
-0.31153223857486856,-0.13426766371929433,-0.004170173451858946,-0.6619786072891605,0.7284689495265247,-0.09899902804937918,-0.34496376621320685,-0.15116851378922513,-0.735746093465393,-0.8572535919611143,617,,159037.55064209073
0.11373660407272519,0.25699670008772235,-0.004170173451858946,-0.21649817583785816,-0.9259423936165437,0.5493177060158781,2.898855178262242,-0.15116851378922513,-0.735746093465393,-0.8572535919611143,812,,144929.64465930787
0.29762961431850427,0.1917859727865529,0.7735671753198984,-0.5723983031386268,0.9238237944733078,0.4235249068688879,-0.34496376621320685,-0.15116851378922513,-0.735746093465393,-0.8572535919611143,628,,209523.23447435346
-0.9050878954077792,1.0721307913523406,0.7735671753198984,0.9093083492972266,-0.15469774533705674,0.0751756169233765,-0.34496376621320685,-0.15116851378922513,1.3591645390734741,1.1665159637445541,1196,176000.00000000006,188950.93788821477
1.897004607248201,0.9417093367500016,-0.004170173451858946,-0.45618601667306974,0.39473775607577044,0.19129204690521362,-0.34496376621320685,-0.15116851378922513,1.3591645390734741,-0.8572535919611143,1205,,203815.00421147904
-0.1402542368112964,0.9417093367500016,0.7735671753198984,0.9722566711327366,-0.101789141497303,0.9847543184477673,2.898855178262242,-0.15116851378922513,1.3591645390734741,1.1665159637445541,184,155000.00000000012,185859.43873529718
-0.8401921301230241,1.2025522459546794,0.7735671753198984,0.8633076525712768,0.17903344811369756,0.955725210952308,-0.34496376621320685,-0.15116851378922513,1.3591645390734741,1.1665159637445541,1355,,200451.93944967026
0.24768978692502536,-0.9494017549839124,0.7735671753198984,-0.7878752509601807,0.16885871660605262,-1.105341421225301,-0.34496376621320685,-0.15116851378922513,-0.735746093465393,-0.8572535919611143,1097,163990.00000000015,190714.715250585
0.1619857602263207,-0.42771593657455687,-0.7819075222236163,0.8778341883794715,-0.1811520472569336,0.31708484605220383,-0.34496376621320685,-0.15116851378922513,-0.735746093465393,-0.8572535919611143,534,,145495.4193771129
0.8549008653108404,0.35481279103947655,1.5513045240916556,1.589634442981009,0.45985603772469813,0.23483570814840254,-0.34496376621320685,-0.15116851378922513,-0.735746093465393,-0.8572535919611143,163,,309994.2280315931
-0.20150855634861037,1.0721307913523406,-1.5596448709953736,0.22171898770934687,-0.7326224949712897,-0.10867539721453227,-0.34496376621320685,-0.15116851378922513,1.3591645390734741,-0.8572535919611143,192,,153334.66917715134
-0.09278539046072401,0.9417093367500016,0.7735671753198984,1.0618369752832704,-0.004111719023911508,0.5541558905984546,2.898855178262242,-0.15116851378922513,1.3591645390734741,1.1665159637445541,370,,212611.35183589434
-0.49295426777774115,-1.0472178459356667,-0.7819075222236163,-0.26491996186517364,-1.072458527326631,-1.0763123137298416,-0.34496376621320685,-0.15116851378922513,-0.735746093465393,-0.8572535919611143,986,,105737.48244080723
0.16250596676166942,-0.7211642094298194,-0.7819075222236163,-0.24555124745424745,0.8932995999503729,-0.30220278051759414,-0.34496376621320685,-0.15116851378922513,-0.735746093465393,-0.8572535919611143,1218,,154694.65136597157
-0.012413480749343904,-0.2646891183216332,-0.004170173451858946,0.209613541202518,-0.7427972264789348,-0.10867539721453227,-0.34496376621320685,-0.15116851378922513,-0.735746093465393,-0.8572535919611143,596,,138212.37779666472
-0.5607111690069143,-1.0472178459356667,-0.7819075222236163,-2.0323151518621883,-1.2108348758306022,-0.9166522225048156,-0.34496376621320685,-0.15116851378922513,-0.735746093465393,-0.8572535919611143,471,86999.99999999994,94107.08854683524
-0.6171535780922525,-0.9820071186344972,-2.337382219767131,-0.7297691077274021,-0.3561574291884267,-2.2374766135482127,-0.34496376621320685,-0.15116851378922513,-0.735746093465393,-0.8572535919611143,240,,121327.40604325703
-0.040244530390501417,-0.2646891183216332,-0.004170173451858946,-0.2842886762760998,0.5147995878659808,-0.10867539721453227,-0.34496376621320685,-0.15116851378922513,-0.735746093465393,1.1665159637445541,275,,175418.87757118876
1.275097694238784,-0.0038462091169554386,0.7735671753198984,2.221538750637476,1.4773291884891928,0.5493177060158781,-0.34496376621320685,-0.15116851378922513,-0.735746093465393,-0.8572535919611143,63,,324205.43696006376
0.3783916789313959,0.3222074273888918,0.7735671753198984,-0.4465016594676066,1.7744313485124255,0.10420472441883578,-0.34496376621320685,-0.15116851378922513,-0.735746093465393,-0.8572535919611143,303,,218005.5386520238
-0.6544783970035245,1.2025522459546794,0.7735671753198984,0.6889892228729412,-0.3398778587761948,0.7912269351447054,-0.34496376621320685,-0.15116851378922513,1.3591645390734741,1.1665159637445541,271,150750.0,229636.4888745305
-0.22894945108825632,-0.525532027526311,-0.7819075222236163,-2.492322119121685,-0.7265176560667028,-2.2374766135482127,-0.34496376621320685,-0.15116851378922513,-0.735746093465393,-0.8572535919611143,1128,,78434.54057006692
-0.2468965765577878,0.22439133643713763,-0.004170173451858946,-0.8944031802202748,-0.3988913015205355,0.31708484605220383,-0.34496376621320685,-0.15116851378922513,-0.735746093465393,-0.8572535919611143,755,,156855.5457828454
-0.8993656235189431,1.1373415186535099,0.7735671753198984,-1.039668538302221,-0.5718617371504996,0.0848519860885296,-0.34496376621320685,-0.15116851378922513,-0.735746093465393,1.1665159637445541,787,,144467.75065480435
-0.20176865961628473,-0.13426766371929433,-0.7819075222236163,0.48077554295548464,-0.5148832407076879,-0.9263285916699687,-0.34496376621320685,-0.15116851378922513,-0.735746093465393,1.1665159637445541,30,,125083.47066056733
-0.26419344385813337,-0.6885588457792347,-0.7819075222236163,-0.8653501086038855,-1.1335069163725007,0.5493177060158781,-0.34496376621320685,-0.15116851378922513,-0.735746093465393,-0.8572535919611143,845,,120308.4619018697
0.014247104187278948,-0.2646891183216332,-0.7819075222236163,-0.25281451535834476,-0.9808859437578265,-0.7860212387752489,-0.34496376621320685,-0.15116851378922513,-0.735746093465393,-0.8572535919611143,1161,,122989.40675065266
-0.2565203974617395,0.9743147004005863,-0.004170173451858946,-0.11481242518049567,0.6491060437668942,0.0026028481847283035,-0.34496376621320685,-0.15116851378922513,1.3591645390734741,-0.8572535919611143,361,,188911.9665174339
0.0688687903988965,0.12657524548538346,0.7735671753198984,0.057084915216474255,-0.6268052872917823,0.31708484605220383,-0.34496376621320685,-0.15116851378922513,-0.735746093465393,1.1665159637445541,1188,,168369.49634167284
0.014507207454953316,1.2025522459546794,0.7735671753198984,-0.3762900697279992,0.5697431380072635,0.5589940751810312,-0.34496376621320685,-0.15116851378922513,1.3591645390734741,1.1665159637445541,651,,209732.68459318022
0.19644944319317462,-0.036451572767540165,-0.7819075222236163,0.025610754298719198,1.2188910081950113,0.20096841607036672,-0.34496376621320685,-0.15116851378922513,-0.735746093465393,-0.8572535919611143,599,,172454.7366277905
0.2414473085008405,0.22439133643713763,0.7735671753198984,-0.5360819636181403,0.9930119687252934,0.3461139535476631,-0.34496376621320685,-0.15116851378922513,-0.735746093465393,-0.8572535919611143,451,,205406.8036726204
-0.6720353675715444,0.1917859727865529,-0.004170173451858946,-0.17291856841327424,-1.0643187421205151,-0.10867539721453227,-0.34496376621320685,-0.15116851378922513,-0.735746093465393,-0.8572535919611143,1371,,128357.8910176818
0.29216744569734254,-0.9820071186344972,-1.5596448709953736,-0.4077642306457543,-1.2617085333688272,0.3703048764605459,-0.34496376621320685,-0.15116851378922513,1.3591645390734741,-0.8572535919611143,297,,136081.13464516072
0.09162782632040381,-0.6885588457792347,-1.5596448709953736,-0.7491378221383284,-0.5881413075627315,-2.2374766135482127,-0.34496376621320685,-0.15116851378922513,-0.735746093465393,-0.8572535919611143,924,,84690.51636569327
-0.2204960948888393,0.22439133643713763,-0.7819075222236163,-2.492322119121685,1.0967942301032718,0.8105796734750116,-0.34496376621320685,-0.15116851378922513,-0.735746093465393,-0.8572535919611143,737,,168705.83545765522
-0.6106509964003932,-0.525532027526311,-0.7819075222236163,-0.47555473108399593,-1.3186870298116387,-0.6602284396282586,-0.34496376621320685,-0.15116851378922513,-0.735746093465393,1.1665159637445541,1065,,112397.75291648137
-0.16847544135396547,-0.19947839102046377,-0.004170173451858946,0.5364605968868974,-0.4680794757725211,-0.00707352098042479,-0.34496376621320685,-0.15116851378922513,-0.735746093465393,-0.8572535919611143,1034,,164145.7596372279
0.7353834138144678,-0.5581373911768958,-0.7819075222236163,0.3282469169694409,-0.295109040142557,-0.42315739508200784,-0.34496376621320685,-0.15116851378922513,-0.735746093465393,-0.8572535919611143,289,,168212.4176989647
-0.26614421836569113,0.648261063894739,0.7735671753198984,0.6768837763661123,-0.28900420123797005,0.10420472441883578,-0.34496376621320685,-0.15116851378922513,-0.735746093465393,-0.8572535919611143,1224,,179870.2910082301
-0.8442237307719769,1.2025522459546794,0.7735671753198984,-0.8241915904806674,-0.1811520472569336,0.3751430610431224,-0.34496376621320685,-0.15116851378922513,1.3591645390734741,1.1665159637445541,552,,178109.37308967352
-0.05507041664794046,0.4526288819912307,-0.004170173451858946,0.025610754298719198,-0.7814612062079855,0.0848519860885296,-0.34496376621320685,-0.15116851378922513,-0.735746093465393,-0.8572535919611143,818,,140999.4440666352
0.07602163025994164,-0.6233481184780653,-0.7819075222236163,2.679124628595607,1.3328480010806347,0.31708484605220383,-0.34496376621320685,-0.15116851378922513,-0.735746093465393,-0.8572535919611143,1170,,143685.4569309236
-0.777377190979664,-0.9494017549839124,-1.5596448709953736,-0.8145072332752042,-1.6035795120256973,-2.2374766135482127,-0.34496376621320685,-0.15116851378922513,-0.735746093465393,-0.8572535919611143,1280,,59226.33847447473
-0.1994277302072154,-0.42771593657455687,-0.7819075222236163,0.4517224713390953,0.091530757147951,-0.47637742549034984,-0.34496376621320685,-0.15116851378922513,-0.735746093465393,-0.8572535919611143,1004,,144243.90844359077
0.2671975320006031,-0.525532027526311,-0.7819075222236163,0.049821647312376934,0.6389313122592492,-0.5344356404812683,-0.34496376621320685,-0.15116851378922513,-0.735746093465393,-0.8572535919611143,553,,149003.703371746
0.375660594620815,0.22439133643713763,-0.7819075222236163,0.9698355818313709,0.3377592596329587,0.7670360122318227,-0.34496376621320685,-0.15116851378922513,-0.735746093465393,1.1665159637445541,570,,204995.87589969434
-0.04648700881468628,-1.5036929370438528,-0.7819075222236163,-0.5941881068509188,-0.5291278648183908,-0.3409082571782065,-0.34496376621320685,-0.15116851378922513,-0.735746093465393,-0.8572535919611143,1132,,129510.9938326094
0.16536710270608748,1.0395254277017558,1.5513045240916556,0.08613798683286354,1.033710894755873,0.5976995518416436,2.898855178262242,-0.15116851378922513,1.3591645390734741,1.1665159637445541,1005,,277387.1531045642
0.021529995682161285,0.9743147004005863,-0.004170173451858946,-0.22618253304332125,0.6328264733546622,-0.05545536680619026,-0.34496376621320685,-0.15116851378922513,1.3591645390734741,-0.8572535919611143,1373,,194569.2947400157
0.056513885184363954,0.028759154533629285,-0.004170173451858946,-0.11723351448186144,-1.0175149771853482,0.5493177060158781,-0.34496376621320685,-0.15116851378922513,-0.735746093465393,-0.8572535919611143,614,,145391.50939571575
6.126023636365771,-0.7211642094298194,-0.7819075222236163,-0.6837684110014525,0.41915711169411835,0.5299649676855719,-0.34496376621320685,-0.15116851378922513,-0.735746093465393,-0.8572535919611143,1336,,133956.67476236468
0.0688687903988965,1.0721307913523406,0.7735671753198984,-0.07607499635864329,1.1497028339430255,1.9765821578759595,-0.34496376621320685,-0.15116851378922513,1.3591645390734741,1.1665159637445541,528,,226883.9825045732
-0.4002274528518285,0.2896020637383071,-0.7819075222236163,-2.492322119121685,0.1098452738617119,-0.30220278051759414,-0.34496376621320685,-0.15116851378922513,-0.735746093465393,-0.8572535919611143,849,,119029.0100801254
0.20399243795573133,-0.7211642094298194,-0.004170173451858946,0.1272965049560817,-0.8119854007309204,-1.0763123137298416,-0.34496376621320685,-0.15116851378922513,-0.735746093465393,-0.8572535919611143,966,,142666.59802734895
-0.00981244807260021,-1.5689036643450223,-3.8928569173106458,-0.838718126288862,-1.1742058424030806,-2.2374766135482127,-0.34496376621320685,-0.15116851378922513,-0.735746093465393,-0.8572535919611143,358,228000.00000000003,38727.73152164946
0.14364847985527765,0.48523424564181544,-0.004170173451858946,0.6502517940510888,-0.3724369996006586,-0.2876882267698645,-0.34496376621320685,-0.15116851378922513,-0.735746093465393,1.1665159637445541,1096,,174601.71450031886
0.5266505415057864,0.4526288819912307,0.7735671753198984,0.43235375692816913,0.284850655793205,-0.10867539721453227,-0.34496376621320685,-0.15116851378922513,-0.735746093465393,1.1665159637445541,322,,185315.63487916533
-0.3765580554934609,-1.6341143916461918,-0.7819075222236163,-1.2091447893978253,-0.7529719579865797,-0.8440794537661674,-0.34496376621320685,-0.15116851378922513,-0.735746093465393,-0.8572535919611143,58,,76083.08983652493
-1.0376105102878703,0.9743147004005863,-0.004170173451858946,-0.6619786072891605,0.06304150892654514,-0.10867539721453227,-0.34496376621320685,-0.15116851378922513,-0.735746093465393,1.1665159637445541,594,,176844.4885014574
-0.14012418517745923,1.2025522459546794,0.7735671753198984,-0.7297691077274021,-0.050915483959078266,-0.30220278051759414,-0.34496376621320685,-0.15116851378922513,1.3591645390734741,1.1665159637445541,670,184000.00000000015,171408.8770978916
-0.13960397864211047,-1.5036929370438528,-0.7819075222236163,-0.6329255356727712,-1.4021198281743272,-1.0763123137298416,-0.34496376621320685,-0.15116851378922513,1.3591645390734741,1.1665159637445541,643,,82107.21792515533
-0.24052404649976575,-0.06905693641812488,-0.7819075222236163,0.07403254032603467,-0.8567542193645581,-0.9311667762525453,-0.34496376621320685,-0.15116851378922513,-0.735746093465393,1.1665159637445541,23,,120270.14947977946
-0.0741880068220066,-0.525532027526311,-0.004170173451858946,-0.08575935356410638,0.7610280903509886,-0.6650666242108352,-0.34496376621320685,-0.15116851378922513,-0.735746093465393,-0.8572535919611143,107,,144005.572346199
-0.2204960948888393,-0.13426766371929433,-0.004170173451858946,-0.5215554278099456,-1.1558913256893195,-1.0763123137298416,-0.34496376621320685,-0.15116851378922513,1.3591645390734741,-0.8572535919611143,1384,,129326.27509938717
0.36291553450477093,-0.2320837546710485,-0.7819075222236163,-1.233355682411483,-0.03463591354684635,0.0848519860885296,-0.34496376621320685,-0.15116851378922513,-0.735746093465393,-0.8572535919611143,704,,138274.53605760142
-0.3250576084939358,-0.5907427548274805,-0.7819075222236163,-0.16807638981054268,0.9746974520115325,-0.30220278051759414,-0.34496376621320685,-0.15116851378922513,-0.735746093465393,-0.8572535919611143,481,200100.00000000017,153240.5259284084
0.5305520905209019,-0.46032130022514156,-0.7819075222236163,0.3839319709008537,-0.08957946368812907,0.5493177060158781,-0.34496376621320685,-0.15116851378922513,-0.735746093465393,-0.8572535919611143,634,120000.00000000004,181410.36639429975
0.15340235239306652,-0.10166230006870962,0.7735671753198984,-0.7733487151519861,3.0462727869680437,0.4912594910249595,-0.34496376621320685,-0.15116851378922513,-0.735746093465393,1.1665159637445541,309,,230592.97805797786
-0.27251674842371315,0.8112878821476627,-0.004170173451858946,-0.6208200891659423,0.3601436689497776,-0.15221905845772118,-0.34496376621320685,-0.15116851378922513,-0.735746093465393,-0.8572535919611143,1061,,181872.4817922977
0.14598940926434698,0.7134717911959085,-0.004170173451858946,0.0619270938192058,0.7406786273356987,-0.002235336397848243,-0.34496376621320685,-0.15116851378922513,-0.735746093465393,1.1665159637445541,1157,,221267.28217259908
-0.0734076970189835,0.9091039730994168,-0.004170173451858946,-0.5699772138372611,0.6409662585607782,0.4041721685385817,2.898855178262242,-0.15116851378922513,1.3591645390734741,-0.8572535919611143,493,,190853.34963547398
0.1501510615471369,1.0395254277017558,1.5513045240916556,0.23866661281890728,1.646229731516099,1.5314691762789172,2.898855178262242,-0.15116851378922513,-0.735746093465393,1.1665159637445541,937,,272163.07197224547
-0.2814903111584789,-0.3625052092733874,-0.7819075222236163,0.2870883988462227,-0.677678944830007,1.0137834259432266,-0.34496376621320685,-0.15116851378922513,-0.735746093465393,-0.8572535919611143,819,,130864.87870266689
0.19774995953154648,0.25699670008772235,-0.004170173451858946,-0.8653501086038855,-0.19336172506610755,-0.10867539721453227,-0.34496376621320685,-0.15116851378922513,-0.735746093465393,-0.8572535919611143,718,,156933.79594775222
0.2684980483389749,-0.5581373911768958,-0.004170173451858946,1.1514172794338038,0.04879688481584222,0.20580660065294326,-0.34496376621320685,-0.15116851378922513,-0.735746093465393,-0.8572535919611143,844,,163346.39785575145
-0.12295736951095085,-0.2646891183216332,-0.004170173451858946,0.16845502307929983,-0.101789141497303,-0.805373977105555,-0.34496376621320685,-0.15116851378922513,-0.735746093465393,-0.8572535919611143,350,191999.99999999997,144235.07566162734
-0.09044446105165468,0.15918060913596818,-0.004170173451858946,-0.20439272933102928,-1.0195499234868772,-2.2374766135482127,-0.34496376621320685,-0.15116851378922513,-0.735746093465393,-0.8572535919611143,908,,124065.88145844013
-0.3765580554934609,-0.6559534821286499,-0.7819075222236163,-0.4005009627416569,-1.2556036944642401,1.2460162859069008,-0.34496376621320685,-0.15116851378922513,1.3591645390734741,1.1665159637445541,904,,125544.18646781078
0.20789398697084688,1.2025522459546794,2.3290418728634132,1.918902587966754,0.7060845402097058,1.5072782533660345,-0.34496376621320685,-0.15116851378922513,-0.735746093465393,1.1665159637445541,589,,335331.13597121224
-0.1191858721296725,0.9417093367500016,0.7735671753198984,-0.378711159029365,0.6287565807516042,0.6073759210067967,2.898855178262242,-0.15116851378922513,1.3591645390734741,1.1665159637445541,1308,311872.00000000006,208254.65740643514
-0.20358938249000533,0.8112878821476627,0.7735671753198984,-1.5626238273972282,-0.014286450531556456,-0.30220278051759414,-0.34496376621320685,-0.15116851378922513,-0.735746093465393,-0.8572535919611143,81,,171947.3958727041
-0.6106509964003932,-1.6341143916461918,-1.5596448709953736,-0.4586071059744355,-0.21778108068445542,-0.60217022463734,-0.34496376621320685,-0.15116851378922513,-0.735746093465393,-0.8572535919611143,1312,,109376.08651719631
-0.14246511458652855,-0.3625052092733874,-0.7819075222236163,-0.0567062819477171,-0.9666413196471235,-2.2374766135482127,-0.34496376621320685,-0.15116851378922513,-0.735746093465393,-0.8572535919611143,1093,,127103.0040152039
-0.17198683546756946,0.8764986094488322,-0.004170173451858946,-0.2746043190706367,0.24211678346109622,-0.011911705563001336,-0.34496376621320685,-0.15116851378922513,1.3591645390734741,-0.8572535919611143,1085,139999.9999999999,187177.01774089798
-0.857749100691044,-0.7537695730804042,-0.7819075222236163,-0.7491378221383284,-0.4009262478220645,-1.0763123137298416,-0.34496376621320685,-0.15116851378922513,-0.735746093465393,-0.8572535919611143,196,,120346.5316263533
-1.0632306821537958,0.028759154533629285,-0.7819075222236163,-0.6401888035768685,-0.2360955973982163,-0.10867539721453227,-0.34496376621320685,-0.15116851378922513,-0.735746093465393,-0.8572535919611143,413,,123946.00360822034
-0.8928630418270839,0.9417093367500016,-0.004170173451858946,-0.7273480184260364,-0.04684559135602029,-0.10867539721453227,-0.34496376621320685,-0.15116851378922513,-0.735746093465393,-0.8572535919611143,111,,173321.98706204916
-0.03088081275422412,-0.06905693641812488,-0.7819075222236163,-0.4005009627416569,-1.23525423144895,-0.8440794537661674,-0.34496376621320685,-0.15116851378922513,-0.735746093465393,-0.8572535919611143,1197,109999.99999999991,114736.55003933192
0.36798754822442115,-0.0038462091169554386,-0.004170173451858946,0.4250904890240718,1.2941840213515838,0.4235249068688879,-0.34496376621320685,-0.15116851378922513,-0.735746093465393,-0.8572535919611143,1322,,222213.05726769794
-1.0526964998129837,-0.0038462091169554386,-1.5596448709953736,-1.1704073605759728,-0.7916359377156305,-0.8537558229313205,-0.34496376621320685,-0.15116851378922513,-0.735746093465393,-0.8572535919611143,869,143900.00000000003,87376.66158390048
-0.06443413428421776,-0.6559534821286499,-0.004170173451858946,-0.4198696771525831,0.3804931319650675,-0.9263285916699687,-0.34496376621320685,-0.15116851378922513,1.3591645390734741,-0.8572535919611143,1351,,135397.34660498428
-0.21464377136616603,0.06136451818421401,-0.7819075222236163,-0.6329255356727712,-1.4509585394110232,-0.32155551884790035,2.898855178262242,-0.15116851378922513,-0.735746093465393,-0.8572535919611143,1346,,133201.96234838376
-0.040244530390501417,-1.5689036643450223,-2.337382219767131,-0.05428519264635133,-0.8221601322385653,-1.2214578512071381,-0.34496376621320685,-0.15116851378922513,-0.735746093465393,-0.8572535919611143,950,,73435.84672588827
-0.2139935131969801,-0.16687302736987905,-0.7819075222236163,-0.3278682837006837,-1.1945553054183704,-0.6118465938024932,-0.34496376621320685,-0.15116851378922513,-0.735746093465393,-0.8572535919611143,661,,110585.12357857678
-0.13466201655629748,-0.42771593657455687,-0.7819075222236163,-2.492322119121685,-0.28696925493644104,-1.018254098738923,-0.34496376621320685,-0.15116851378922513,-0.735746093465393,-0.8572535919611143,175,,118199.63268867774
0.15795415957736797,-0.525532027526311,-0.004170173451858946,0.8173069558453272,-0.21574613438292642,-0.05545536680619026,-0.34496376621320685,-0.15116851378922513,-0.735746093465393,-0.8572535919611143,237,,158455.00732012023
-0.6626716499352671,-0.7537695730804042,-0.004170173451858946,-0.06154846055044865,0.37235334675895154,-0.2054390888660632,-0.34496376621320685,-0.15116851378922513,-0.735746093465393,-0.8572535919611143,497,,149118.1641783191
-0.17367750670745286,1.1699468823040946,0.7735671753198984,0.8754130990781057,0.9787673446145905,1.96206760412823,2.898855178262242,-0.15116851378922513,1.3591645390734741,1.1665159637445541,892,,227095.4942404321
0.17017901315806333,0.9091039730994168,0.7735671753198984,0.2991938453530516,1.1191786394200907,0.37998124562569896,2.898855178262242,-0.15116851378922513,1.3591645390734741,1.1665159637445541,693,,199199.6378032025
-0.18148060473768393,-0.2320837546710485,-0.7819075222236163,0.21929789840798108,-0.7183778708605868,0.3025702923044742,-0.34496376621320685,-0.15116851378922513,-0.735746093465393,-0.8572535919611143,1239,210000.0,136370.3836325782
0.6089732257247243,-0.525532027526311,-0.004170173451858946,0.6454096154483572,0.3235146355222558,2.2330059407525162,-0.34496376621320685,-0.15116851378922513,-0.735746093465393,1.1665159637445541,1111,,201237.69948496646
-0.6131219774432998,1.1373415186535099,-0.004170173451858946,0.6696205084620149,-0.3561574291884267,0.7815505659795523,-0.34496376621320685,-0.15116851378922513,1.3591645390734741,1.1665159637445541,994,311500.0000000001,176863.42382923723
-0.09512631986979334,-0.036451572767540165,-0.004170173451858946,-0.8871399123161774,-0.2625498993180932,-0.7908594233578253,-0.34496376621320685,-0.15116851378922513,-0.735746093465393,-0.8572535919611143,1141,,111383.49431908492
0.052612336169248416,0.028759154533629285,-0.7819075222236163,-1.5916768990136174,-0.7570418505896377,-0.8440794537661674,-0.34496376621320685,-0.15116851378922513,-0.735746093465393,-0.8572535919611143,548,,94093.56022336021
-0.251968590277438,1.0721307913523406,0.7735671753198984,-0.35207917671434147,0.5839877621179664,0.38965761479085204,2.898855178262242,-0.15116851378922513,1.3591645390734741,1.1665159637445541,1186,,201617.40952967957
-1.1135606644487863,-0.0038462091169554386,-0.7819075222236163,-0.9670358592612479,-1.7317811290220237,-2.2374766135482127,-0.34496376621320685,-0.15116851378922513,-0.735746093465393,-0.8572535919611143,1388,,90292.70587419545
0.15873446938039107,1.0395254277017558,0.7735671753198984,-0.5142921599058483,0.8403909961106192,0.229997523565826,-0.34496376621320685,-0.15116851378922513,1.3591645390734741,1.1665159637445541,918,,207758.78046456227
-0.7361508230532764,1.0721307913523406,-0.004170173451858946,-0.4392383915635093,-1.288162835288704,-0.2054390888660632,2.898855178262242,-0.15116851378922513,1.3591645390734741,1.1665159637445541,806,,140303.83225104556
-0.12945995120281006,-0.3625052092733874,-0.004170173451858946,-0.4005009627416569,-1.2556036944642401,-0.7860212387752489,-0.34496376621320685,-0.15116851378922513,-0.735746093465393,-0.8572535919611143,721,,117600.21196944323
-0.8083294798329139,-0.8189803003815735,-0.7819075222236163,-0.8314548583847646,-1.2515338018611821,-2.2374766135482127,-0.34496376621320685,-0.15116851378922513,1.3591645390734741,1.1665159637445541,231,106000.00000000001,89415.45101272174
-0.14246511458652855,0.12657524548538346,-0.7819075222236163,-0.3230261050979522,0.6328264733546622,-2.2374766135482127,-0.34496376621320685,-0.15116851378922513,1.3591645390734741,-0.8572535919611143,1389,,138821.81082879918
0.4447180121883601,-1.6667197552967763,-0.004170173451858946,-0.6426098928782343,0.6979447550035899,0.27837936939159147,-0.34496376621320685,-0.15116851378922513,-0.735746093465393,-0.8572535919611143,1208,192499.99999999997,183496.65351128916
0.4232594926052246,0.12657524548538346,-0.7819075222236163,-0.4005009627416569,-1.1945553054183704,-0.10867539721453227,-0.34496376621320685,-0.15116851378922513,-0.735746093465393,-0.8572535919611143,736,148000.00000000015,134844.48207488115
-0.40061760775334004,-0.6559534821286499,-0.7819075222236163,-0.7757698044533519,-0.5657568982459126,-0.5344356404812683,-0.34496376621320685,-0.15116851378922513,-0.735746093465393,1.1665159637445541,439,,127782.48157136297
-0.5014076239771581,1.1699468823040946,1.5513045240916556,0.7132001158865989,-0.3195283957609049,0.4235249068688879,-0.34496376621320685,-0.15116851378922513,-0.735746093465393,1.1665159637445541,669,,224112.9227302457
0.09162782632040381,-2.6122753011637334,0.7735671753198984,-0.7539800007410599,2.1834555551197523,1.168605332585676,-0.34496376621320685,-0.15116851378922513,-0.735746093465393,-0.8572535919611143,678,,163365.5701174586
-0.06612480552410116,1.1373415186535099,0.7735671753198984,-0.4198696771525831,-0.6410499114024852,-0.30220278051759414,-0.34496376621320685,-0.15116851378922513,1.3591645390734741,1.1665159637445541,1203,,182857.376194351
-0.3765580554934609,1.1699468823040946,-0.004170173451858946,0.5630925792019209,-0.4456950664557022,0.5299649676855719,-0.34496376621320685,-0.15116851378922513,1.3591645390734741,1.1665159637445541,270,,177346.91278073454
-0.2198458367196534,-2.2862216646578863,-0.7819075222236163,-0.4077642306457543,-0.23202570479515833,-0.3796137338388189,-0.34496376621320685,-0.15116851378922513,-0.735746093465393,-0.8572535919611143,371,,107470.05385934676
-0.3765580554934609,0.3222074273888918,-0.7819075222236163,-0.22618253304332125,-1.1090875607541528,1.0137834259432266,-0.34496376621320685,-0.15116851378922513,-0.735746093465393,-0.8572535919611143,1080,,136459.1796259975
-0.3765580554934609,0.06136451818421401,-0.7819075222236163,-0.603872464056382,-1.4265391837926753,-0.5344356404812683,2.898855178262242,-0.15116851378922513,-0.735746093465393,-0.8572535919611143,56,,135246.40386889127
-0.8928630418270839,0.9417093367500016,-0.004170173451858946,-0.7273480184260364,-0.020391289436143423,-0.10867539721453227,-0.34496376621320685,-0.15116851378922513,-0.735746093465393,-0.8572535919611143,716,,173448.9562419453
0.19892042423608114,-0.16687302736987905,-0.7819075222236163,0.023189664997353424,-0.8994880916966669,0.20096841607036672,-0.34496376621320685,-0.15116851378922513,-0.735746093465393,-0.8572535919611143,817,110500.00000000001,147319.65776327284
-0.13154077734420502,-0.9820071186344972,-1.5596448709953736,-0.6643996965905262,0.058971616323487165,-0.805373977105555,-0.34496376621320685,-0.15116851378922513,-0.735746093465393,-0.8572535919611143,620,,118089.86694194915
0.7933864425058521,0.9091039730994168,0.7735671753198984,1.0957322255023911,0.026412475499023334,0.24935026189613219,-0.34496376621320685,-0.15116851378922513,1.3591645390734741,1.1665159637445541,1291,120000.00000000004,225066.35113669804
0.5804919179143808,-0.6233481184780653,-0.7819075222236163,-0.051864103344985556,-0.2401654900012743,-0.8440794537661674,-0.34496376621320685,-0.15116851378922513,-0.735746093465393,-0.8572535919611143,486,,143272.12606642552
-0.7361508230532764,1.104736155002925,-0.004170173451858946,-0.4392383915635093,-1.288162835288704,-0.2054390888660632,2.898855178262242,-0.15116851378922513,1.3591645390734741,1.1665159637445541,1029,,144102.31423015983
-0.10123874666014102,0.7460771548464932,0.7735671753198984,-0.7007160361110129,0.5982323862286694,-0.18124816595318047,-0.34496376621320685,-0.15116851378922513,-0.735746093465393,1.1665159637445541,802,,187818.96684269942
0.09162782632040381,-1.7971412098991153,-0.7819075222236163,-0.8314548583847646,0.3479339911406037,-0.2247918271963694,-0.34496376621320685,-0.15116851378922513,-0.735746093465393,-0.8572535919611143,745,139999.9999999999,131701.86071498846
-0.26341313405511024,0.7786825184970779,-1.5596448709953736,-0.09544371076956948,-0.9992004604715874,-2.2374766135482127,2.898855178262242,-0.15116851378922513,1.3591645390734741,-0.8572535919611143,86,,110415.94444405315
0.259394433970372,0.4526288819912307,-0.004170173451858946,-1.0759848778227077,0.7874823922708655,0.07033743234079996,-0.34496376621320685,-0.15116851378922513,1.3591645390734741,-0.8572535919611143,1190,276999.9999999998,194073.86020210796
-0.7422632498436241,-1.3080607551403445,-0.7819075222236163,-0.8653501086038855,-1.3044424057009358,-2.2374766135482127,-0.34496376621320685,-0.15116851378922513,-0.735746093465393,-0.8572535919611143,123,76499.99999999996,87724.05290747002
-0.5326200160980824,-0.9494017549839124,-0.004170173451858946,-0.7128214826178417,-0.5352327037229778,-0.10867539721453227,-0.34496376621320685,-0.15116851378922513,-0.735746093465393,-0.8572535919611143,1329,,117150.56639225049
-0.24962766086836868,-0.3951105729239721,-0.7819075222236163,0.06434818312057157,-0.8648940045706741,-0.7473157621146365,-0.34496376621320685,-0.15116851378922513,-0.735746093465393,-0.8572535919611143,316,,136864.56312822172
-0.6496664865515486,-1.471087573393268,1.5513045240916556,-1.0687216099186105,0.37642323936200955,-1.1343705287207602,-0.34496376621320685,-0.15116851378922513,-0.735746093465393,1.1665159637445541,438,,133986.34837313788
-0.6626716499352671,-0.9494017549839124,-0.7819075222236163,-0.7491378221383284,-1.3797354188575084,-0.49573016382065604,-0.34496376621320685,-0.15116851378922513,-0.735746093465393,-0.8572535919611143,310,145000.00000000012,111071.06250701938
-0.17276714527059256,1.1373415186535099,0.7735671753198984,0.679304865667478,-0.3480176439823107,-0.30220278051759414,2.898855178262242,-0.15116851378922513,1.3591645390734741,1.1665159637445541,382,,185759.29352178943
-0.5326200160980824,-1.112428573236836,-1.5596448709953736,-0.8653501086038855,-0.3195283957609049,-1.0763123137298416,-0.34496376621320685,-0.15116851378922513,-0.735746093465393,-0.8572535919611143,1049,,115305.96969661272
2.0868799926504904,-0.2646891183216332,-0.7819075222236163,0.3839319709008537,-0.5962810927688474,-0.7279630237843303,-0.34496376621320685,-0.15116851378922513,-0.735746093465393,-0.8572535919611143,1385,219999.99999999983,101338.89234034171
-0.24026394323209138,-1.699325118947361,-0.7819075222236163,-0.8314548583847646,-0.47011442207405013,-0.8827849304267797,-0.34496376621320685,-0.15116851378922513,-0.735746093465393,-0.8572535919611143,771,,130605.78834091083
0.6084530191893756,0.9417093367500016,2.3290418728634132,0.8802552776808372,2.275028138688557,1.5314691762789172,-0.34496376621320685,6.615134163416491,1.3591645390734741,1.1665159637445541,1256,,317898.6971643249
-0.14246511458652855,-1.373271482441514,-0.004170173451858946,-0.5941881068509188,-1.4183993985865593,-0.49573016382065604,-0.34496376621320685,-0.15116851378922513,-0.735746093465393,-0.8572535919611143,365,,89508.04090197946
0.2794223855812984,1.0721307913523406,1.5513045240916556,1.0957322255023911,1.5892512350732872,1.3863236388016207,-0.34496376621320685,-0.15116851378922513,1.3591645390734741,1.1665159637445541,590,,280179.98926673457
-0.35210834833207016,-0.3625052092733874,-0.7819075222236163,0.081295808230132,-0.3134235568563179,0.7815505659795523,-0.34496376621320685,-0.15116851378922513,-0.735746093465393,1.1665159637445541,128,,150004.036095436
0.5821825891542642,1.104736155002925,0.7735671753198984,1.2119445119679482,0.09967054235406696,0.8105796734750116,-0.34496376621320685,-0.15116851378922513,1.3591645390734741,1.1665159637445541,1078,,232611.53810071523
1.9507159320229581,-0.06905693641812488,-0.7819075222236163,0.9867832069409312,-0.016321396833085446,-0.050617182223613714,-0.34496376621320685,-0.15116851378922513,-0.735746093465393,-0.8572535919611143,561,73000.00000000003,152238.43730444513
-0.3765580554934609,-0.6559534821286499,-0.7819075222236163,-2.492322119121685,-0.881173574982906,-0.2054390888660632,-0.34496376621320685,-0.15116851378922513,-0.735746093465393,-0.8572535919611143,615,,110534.65763663781
0.8680360803283961,0.9091039730994168,0.7735671753198984,0.4008795960104141,0.7284689495265247,0.11388109358398889,-0.34496376621320685,6.615134163416491,1.3591645390734741,-0.8572535919611143,649,,283041.6796747423
-0.17367750670745286,-0.3625052092733874,-0.004170173451858946,0.3984585067090483,-0.5840714149596735,-0.7279630237843303,-0.34496376621320685,-0.15116851378922513,-0.735746093465393,-0.8572535919611143,221,,138661.25159025984
-0.2028090726869822,1.1699468823040946,-0.7819075222236163,0.23140334491480996,-0.7244827097651738,-0.15705724304029775,-0.34496376621320685,-0.15116851378922513,1.3591645390734741,-0.8572535919611143,113,,162621.5236262875
-0.011112964410972058,0.12657524548538346,-0.7819075222236163,0.8705709204753742,-0.18725688616152056,-0.21511545803121632,-0.34496376621320685,-0.15116851378922513,-0.735746093465393,-0.8572535919611143,535,148000.00000000015,160397.51757621396
0.08135374724726623,-0.3625052092733874,-0.004170173451858946,0.5388816861882632,-0.4660445294709921,0.31708484605220383,-0.34496376621320685,-0.15116851378922513,-0.735746093465393,1.1665159637445541,1365,,152976.1087600142
-0.32609802156463324,-1.6341143916461918,0.7735671753198984,-0.5723983031386268,0.6531759363699521,-1.1924287437116787,-0.34496376621320685,-0.15116851378922513,-0.735746093465393,-0.8572535919611143,174,241500.0,168165.30573315383
-0.5326200160980824,-0.7211642094298194,-2.337382219767131,-0.9210351625352983,-0.6064558242764924,-0.7473157621146365,-0.34496376621320685,-0.15116851378922513,-0.735746093465393,-0.8572535919611143,429,,43565.73455578451
-0.14246511458652855,-1.0798232095862514,-0.004170173451858946,-0.603872464056382,-0.21574613438292642,0.3944957993734286,-0.34496376621320685,-0.15116851378922513,-0.735746093465393,1.1665159637445541,573,,142886.8478375652
3.433954815936049,-0.19947839102046377,-0.7819075222236163,1.439526906296331,0.20548775003357442,-0.35058462634335963,-0.34496376621320685,-0.15116851378922513,-0.735746093465393,-0.8572535919611143,1230,,155298.74581541002
0.33092283258082356,0.1917859727865529,-0.004170173451858946,1.6913201936383715,0.5025899100568069,0.539641336850725,-0.34496376621320685,-0.15116851378922513,-0.735746093465393,-0.8572535919611143,894,205000.0,191969.09254817993
-0.2865623248781291,0.2896020637383071,-0.004170173451858946,-0.2697621404679052,-1.1457165941816747,-0.9601958837480046,-0.34496376621320685,-0.15116851378922513,-0.735746093465393,-0.8572535919611143,926,,140511.74603847475
0.5855639316340311,1.2025522459546794,-0.004170173451858946,-0.3278682837006837,0.9197539018702497,0.9944306876129204,-0.34496376621320685,-0.15116851378922513,1.3591645390734741,1.1665159637445541,1173,,197242.1211355653
0.12401068314586278,1.2025522459546794,1.5513045240916556,0.49530207876367927,-0.502673562898514,0.10420472441883578,2.898855178262242,-0.15116851378922513,1.3591645390734741,1.1665159637445541,31,,190173.26745179205
0.7236787667691211,-1.014612482285082,0.7735671753198984,-0.560292856631798,0.9624877742023585,-0.15221905845772118,-0.34496376621320685,-0.15116851378922513,1.3591645390734741,1.1665159637445541,210,,195575.49926508398
1.5391025109282688,1.1373415186535099,-0.7819075222236163,-0.7200847505219391,0.7264340032249957,-0.4376719488297375,-0.34496376621320685,-0.15116851378922513,1.3591645390734741,-0.8572535919611143,1370,185000.00000000006,148245.49658153474
-0.2842213954690598,-0.32989984562280267,-0.7819075222236163,0.11034887984652127,0.052866777418900196,-0.282850042187288,-0.34496376621320685,-0.15116851378922513,-0.735746093465393,-0.8572535919611143,1175,207500.0000000001,136726.7964857439
0.01879891137158041,1.1373415186535099,1.5513045240916556,0.001399861285061464,1.255520041622533,2.0104494499539953,-0.34496376621320685,-0.15116851378922513,1.3591645390734741,-0.8572535919611143,714,,293727.9045694432
0.03960717278552995,0.1917859727865529,0.7735671753198984,0.14666521936700788,-0.22592086589057137,0.08001380150595305,-0.34496376621320685,-0.15116851378922513,-0.735746093465393,-0.8572535919611143,814,,163578.6226403763
-0.21867537201511875,-0.2320837546710485,-0.004170173451858946,0.0716114510246689,-0.8404746489523263,-0.9601958837480046,-0.34496376621320685,-0.15116851378922513,-0.735746093465393,-0.8572535919611143,847,,119903.0571690975
-0.08836363491025973,1.2025522459546794,0.7735671753198984,1.6864780150356398,0.4985200174537489,1.5653364683569528,-0.34496376621320685,-0.15116851378922513,-0.735746093465393,-0.8572535919611143,188,158999.99999999997,242005.2295749443
-0.3570503104178832,-0.6233481184780653,-0.7819075222236163,-0.18744510422146887,-1.076528419929689,1.8265984358160865,-0.34496376621320685,-0.15116851378922513,-0.735746093465393,-0.8572535919611143,1091,,128988.76284046532
-0.3765580554934609,0.06136451818421401,-0.7819075222236163,-0.3278682837006837,-1.1945553054183704,0.6654341359977153,2.898855178262242,-0.15116851378922513,-0.735746093465393,-0.8572535919611143,377,122000.00000000003,127429.39734271888
-0.2985270751911501,-0.525532027526311,-0.7819075222236163,0.5776191150101155,-0.4334853886465283,-1.0569595753995356,-0.34496376621320685,-0.15116851378922513,-0.735746093465393,-0.8572535919611143,351,,102862.2916019506
-1.0671322311689113,0.06136451818421401,-1.5596448709953736,-0.9670358592612479,-1.7317811290220237,-2.2374766135482127,-0.34496376621320685,-0.15116851378922513,-0.735746093465393,-0.8572535919611143,415,,80669.5805684614
